{"cameraMode":{"drawMode":0,"name":"Shaded","section":"Shading Mode"},"sceneLighting":false,"audioPlay":false,"sceneViewState":{"showFog":true,"showMaterialUpdate":false,"showSkybox":false,"showFlares":true,"showImageEffects":true,"showParticleSystems":true},"in2DMode":false,"pivot":{"x":0.0,"y":-9.313225746154786e-10,"z":0.0044677406549453739},"rotation":{"x":0.3204514980316162,"y":-0.3114515244960785,"z":0.11245579272508621,"w":0.8875116109848023},"size":0.08822117745876312,"orthographic":true}