{"cameraMode":{"drawMode":0,"name":"Shaded","section":"Shading Mode"},"sceneLighting":true,"audioPlay":false,"sceneViewState":{"showFog":true,"showMaterialUpdate":false,"showSkybox":true,"showFlares":true,"showImageEffects":true,"showParticleSystems":true},"in2DMode":false,"pivot":{"x":95.07540893554688,"y":11.786911010742188,"z":-8.914215087890625},"rotation":{"x":0.2115568220615387,"y":-0.3580278158187866,"z":0.08364114910364151,"w":0.9055745601654053},"size":385.8902282714844,"orthographic":false}